[{"name":"q","R1P":"1","R1S":"1","R2P":"8","R2S":"1","R3P":"7","R3S":"1","R4P":"2","R4S":"1","R5P":"1","R5S":"7","R6P":"6","R6S":"7","R7P":"6","R7S":"2","R8P":"8","R8S":"7","R9P":"1","R9S":"7","R10P":"6","R10S":"1","R11P":"7","R11S":"3","R12P":"2","R12S":"2","R13P":"2","R13S":"2"},{"name":"w","R1P":"0","R1S":"0","R2P":"2","R2S":"3","R3P":"8","R3S":"8","R4P":"7","R4S":"7","R5P":"7","R5S":"9","R6P":"7","R6S":"7","R7P":"7","R7S":"2","R8P":"1","R8S":"1","R9P":"6","R9S":"7","R10P":"1","R10S":"7","R11P":"6","R11S":"7","R12P":"1","R12S":"1","R13P":"1","R13S":"1"}]