[{"name":"Ella","R1P":"1","R1S":"2","R2P":"3","R2S":"1","R3P":"2","R3S":"3","R4P":"4","R4S":"3","R5P":"2","R5S":"2","R6P":"1","R6S":"2","R7P":"7","R7S":"2","R8P":"1","R8S":"1","R9P":"1","R9S":"2","R10P":"3","R10S":"2","R11P":"1","R11S":"3","R12P":"4","R12S":"2","R13P":"2","R13S":"1"},{"name":"Fin","R1P":"0","R1S":"1","R2P":"2","R2S":"2","R3P":"3","R3S":"1","R4P":"3","R4S":"2","R5P":"1","R5S":"3","R6P":"1","R6S":"3","R7P":"2","R7S":"1","R8P":"2","R8S":"1","R9P":"2","R9S":"3","R10P":"2","R10S":"1","R11P":"2","R11S":"2","R12P":"3","R12S":"1","R13P":"3","R13S":"2"}]