{
	"players": [
				{
				"name":"fin",
				"r1p":"6",
				"r2p":"4",
				"r3p":"4",
				"r4p":"3",
				"r5p":"4",
				"r6p":"3",
				"r7p":"2",
				"r8p":"2",
				"r9p":"0",
				"r10p":"1",
				"r11p":"0",
				"r12p":"1",
				"r13p":"0",				
				"r1s":"6",
				"r2s":"4",
				"r3s":"4",
				"r4s":"3",
				"r5s":"4",
				"r6s":"3",
				"r7s":"2",
				"r8s":"2",
				"r9s":"0",
				"r10s":"1",
				"r11s":"0",
				"r12s":"1",
				"r13s":"0",
				"total":"101"
				},
				{
				"name":"ella",
				"r1p":"6",
				"r2p":"4",
				"r3p":"4",
				"r4p":"3",
				"r5p":"4",
				"r6p":"3",
				"r7p":"2",
				"r8p":"2",
				"r9p":"0",
				"r10p":"1",
				"r11p":"0",
				"r12p":"1",
				"r13p":"0",				
				"r1s":"6",
				"r2s":"4",
				"r3s":"4",
				"r4s":"3",
				"r5s":"4",
				"r6s":"3",
				"r7s":"2",
				"r8s":"2",
				"r9s":"0",
				"r10s":"1",
				"r11s":"0",
				"r12s":"1",
				"r13s":"0",
				"total":"85"
				},
	],
}